dirx,diry,dirz,bx,by,bz,timeStamp,object
0.7055745,-0.7044244,-0.07714245,-134.6003,-49.16661,0,0,[Board]
0.7074113,-0.7032759,-0.07051434,-131.9398,-41.79733,0,0.1912203,[Board]
0.7084188,-0.7019022,-0.07400066,-131.5929,-49.41735,0,0.218729,[Board]
0.7096815,-0.7007267,-0.07303526,-131.0583,-49.70849,0,0.2594061,[Board]
0.7163281,-0.6944422,-0.06800014,-107.4099,-40.99691,0,0.3049679,[Board]
0.7137287,-0.6968359,-0.07078973,-112.7031,-41.82364,0,0.3653173,[Board]
0.7094362,-0.7015785,-0.06699073,-127.0535,-33.88134,0,0.405406,[City]PragueBlue
0.7060398,-0.705056,-0.06636018,-137.3758,-31.60334,0,0.4329605,[City]PragueBlue
0.7090548,-0.7020755,-0.06581157,-124.4797,-30.52406,0,0.458931,[CityCard]StockholmRed
0.7097982,-0.7012756,-0.06632534,-120.2331,-30.52078,0,0.5140047,[CityCard]StockholmRed
0.7071983,-0.7038595,-0.06672551,-128.6332,-30.52059,0,0.5474367,[CityCard]StockholmRed
0.7043766,-0.7066882,-0.06667395,-137.3833,-28.93694,0,0.5992565,[CityCard]StockholmRed
0.7119042,-0.698502,-0.07271487,-107.8992,-38.13486,0,0.6582804,[Board]
0.718003,-0.692875,-0.0663017,-88.78342,-28.70953,0,0.7110023,[Board]
0.7102724,-0.7002773,-0.07158745,-112.6841,-35.701,0,0.7571955,[Board]
0.7070302,-0.7024115,-0.08201446,-123.9289,-54.62018,0,0.8015633,[Board]
0.6983339,-0.7152758,-0.02665117,-155.4261,24.69851,0,0.8545151,[CityCard]HelsinkiRed
0.6456013,-0.7635626,-0.01307623,-294.1816,39.50318,0,0.9040318,[City]RomeYellow
0.6539085,-0.7551323,-0.04668057,-280.6031,-13.36953,0,0.9640064,[City]RomeYellow
0.6522225,-0.7570552,-0.03838492,-298.4341,-12.85489,0,1.014414,[City]RomeYellow
0.6422241,-0.7658816,-0.03120038,-329.1982,-13.72071,0,1.065845,[City]RomeYellow
0.6388134,-0.76891,-0.02636185,-335.4099,-14.02652,0,1.111054,[City]RomeYellow
0.6495845,-0.7599677,-0.02211816,-312.092,-14.10936,0,1.15192,[City]RomeYellow
0.63857,-0.7691106,-0.02640757,-336.0906,-20.65643,0,1.194554,[City]RomeYellow
0.5689232,-0.7938371,-0.2148231,-442.6205,-259.0548,0,1.250672,[Board]
0.5660203,-0.7942681,-0.2208149,-443.1657,-269.8201,0,1.307599,[Board]
0.5737644,-0.7879008,-0.2236218,-425.1284,-276.9113,0,1.345439,[Board]
0.5752797,-0.7894357,-0.2141134,-423.1191,-263.0443,0,1.388265,[Board]
0.5850214,-0.7863905,-0.1983427,-410.2022,-242.5581,0,1.445541,[Board]
0.5796008,-0.7932869,-0.1864372,-422.9947,-226.2315,0,1.493515,[Board]
0.5809568,-0.8123195,-0.0512455,-436.388,-59.03077,0,1.545039,[Board]
0.586136,-0.8084475,-0.05345355,-425.2198,-62.77554,0,1.593372,[Board]
0.5896412,-0.8056492,-0.05703084,-418.047,-68.07082,0,1.645169,[Board]
0.5894297,-0.8060582,-0.05331903,-418.5602,-63.81765,0,1.698017,[Board]
0.5489528,-0.819217,-0.1659345,-480.4109,-198.037,0,1.754933,[Board]
0.5512915,-0.8193769,-0.1571597,-478.2516,-187.799,0,1.812217,[Board]
0.553195,-0.8187312,-0.1538003,-476.5663,-182.5631,0,1.865408,[Board]
0.551057,-0.8203185,-0.1530153,-481.201,-180.0926,0,1.920566,[Board]
0.5545378,-0.8184885,-0.1502148,-474.8593,-176.6892,0,1.961912,[Board]
0.5969313,-0.8022648,-0.006653569,-407.4725,-4.592988,0,2.013928,[Board]
0.6043294,-0.7966951,-0.007933897,-390.1597,-7.432378,0,2.073548,[Board]
0.6065414,-0.795009,-0.008260412,-385.3731,-8.199971,0,2.121265,[Board]
0.6016155,-0.7987277,-0.009636323,-393.0245,-10.32606,0,2.17696,[Board]
0.6022376,-0.7982513,-0.01022993,-390.7332,-11.3443,0,2.226234,[Board]
0.597938,-0.8014802,-0.009975746,-398.5114,-10.57113,0,2.273443,[Board]
0.5901554,-0.8072504,-0.007959002,-413.8604,-6.999594,0,2.318752,[Board]
0.5879951,-0.808807,-0.009642316,-418.7018,-9.19204,0,2.375519,[Board]
0.5880299,-0.8087197,-0.01390275,-418.66,-14.58366,0,2.426409,[Board]
0.5965742,-0.8024489,-0.01322569,-401.5891,-14.05462,0,2.480515,[Board]
0.5959427,-0.8027277,-0.02191958,-402.9029,-25.75652,0,2.537174,[Board]
0.5660063,-0.8053449,-0.1762283,-442.2267,-216.7283,0,2.585672,[Board]
0.5589424,-0.8094549,-0.1799057,-453.5836,-220.3692,0,2.640766,[Board]
0.5587567,-0.8100778,-0.1776649,-454.7336,-217.6212,0,2.692564,[Board]
0.5593678,-0.8105527,-0.1735283,-454.0618,-212.5192,0,2.756933,[Board]
0.5546048,-0.8142664,-0.1714168,-463.1598,-208.8027,0,2.799129,[Board]
0.5605652,-0.8093634,-0.1752072,-450.3736,-214.0494,0,2.849009,[Board]
0.5626042,-0.8081339,-0.1743449,-446.9557,-212.4768,0,2.906487,[Board]
0.5607163,-0.8102795,-0.1704238,-450.9073,-206.3857,0,2.961613,[Board]
0.6050977,-0.7959468,-0.01804225,-382.8348,-19.28347,0,3.00738,[Board]
0.615348,-0.7881324,-0.01392919,-361.041,-14.54247,0,3.057215,[Board]
0.6153232,-0.7882349,-0.007942067,-359.3774,-7.046503,0,3.114557,[Board]
0.6137477,-0.7894738,-0.006701419,-360.7846,-5.040947,0,3.166634,[Board]
0.620777,-0.7839755,-0.004281092,-343.2065,-1.873712,0,3.223394,[Board]
0.6255199,-0.7802042,-0.00247104,-327.6324,0.510667,0,3.273636,[City]RomeYellow
0.6210197,-0.7837947,0.000551366,-333.8856,3.724076,0,3.327024,[City]RomeYellow
0.6293913,-0.777084,0.00267058,-311.2808,6.991835,0,3.386782,[City]RomeYellow
0.6301849,-0.7764442,-0.001171034,-304.5619,3.065264,0,3.439606,[City]RomeYellow
0.6292741,-0.7771741,0.003807597,-304.1358,11.24131,0,3.492809,[City]RomeYellow
0.6205708,-0.7841091,0.008055386,-321.7811,17.58133,0,3.531902,[City]RomeYellow
0.6099126,-0.7923779,0.01199371,-344.1627,24.97181,0,3.579571,[Board]
0.6047274,-0.7962742,0.01587534,-355.4379,32.07676,0,3.63092,[Board]
0.6035609,-0.797083,0.01931378,-356.9421,39.66479,0,3.688473,[Board]
0.5747237,-0.7998791,0.1728759,-395.0666,238.2435,0,3.745457,[Board]
0.577485,-0.7962669,0.1801948,-387.6262,250.883,0,3.804184,[Board]
0.5716047,-0.7998551,0.1830295,-397.2989,256.1927,0,3.861673,[Board]
0.5875752,-0.7919849,0.1658771,-367.171,238.07,0,3.901737,[Board]
0.591493,-0.7897735,0.162462,-359.1293,235.5353,0,3.954411,[City]MadridYellow
0.573983,-0.8052396,0.1487705,-396.7741,214.6996,0,4.009483,[Board]
0.5731842,-0.8055149,0.1503519,-398.3431,216.8011,0,4.062368,[Board]
0.5744398,-0.8051713,0.147371,-397.3195,213.0157,0,4.12151,[Board]
0.5743421,-0.8067456,0.1388978,-399.2668,201.8495,0,4.168526,[Board]
0.5751938,-0.806058,0.139365,-396.8821,202.955,0,4.218443,[Board]
0.581183,-0.8014669,0.1409862,-384.274,205.9926,0,4.270687,[Board]
0.5801611,-0.8018698,0.1428913,-385.8301,208.3297,0,4.322927,[Board]
0.5826722,-0.7999527,0.1434185,-379.6548,209.8889,0,4.382284,[Board]
0.5826227,-0.8005342,0.1403415,-381.55,205.969,0,4.440762,[Board]
0.557057,-0.8078432,0.1925534,-421.4677,272.0361,0,4.497885,[Board]
0.5474339,-0.8097831,0.2111099,-436.1767,296.971,0,4.548903,[Board]
0.5495126,-0.8093241,0.2074378,-434.0084,293.1759,0,4.60911,[Board]
0.5587696,-0.8052611,0.1983207,-417.6708,283.8186,0,4.66659,[Board]
0.5613157,-0.8038454,0.1968688,-412.2408,282.7384,0,4.717834,[Board]
0.5634748,-0.8026987,0.1953737,-408.3281,280.8753,0,4.761911,[Board]
0.5626358,-0.8046075,0.1898625,-410.6054,273.3239,0,4.820179,[Board]
0.56515,-0.8037905,0.1858129,-406.1939,267.5995,0,4.872643,[Board]
0.6176124,-0.7838804,-0.06392617,-320.4564,-53.87694,0,4.916267,[Board]
0.6205364,-0.7799518,-0.08130053,-312.9802,-77.93372,0,4.961967,[Board]
0.619352,-0.7809415,-0.0808291,-315.8467,-78.53501,0,5.012056,[Board]
0.6158078,-0.783756,-0.08066715,-323.9974,-79.56824,0,5.053402,[Board]
0.6151481,-0.7834609,-0.08821481,-325.0214,-90.92207,0,5.111063,[Board]
0.5671858,-0.8023545,-0.1858158,-404.436,-212.9568,0,5.151112,[City]AthensYellow
0.5695341,-0.8010803,-0.1841228,-399.2487,-212.2447,0,5.205894,[City]AthensYellow
0.573771,-0.8008248,-0.1716583,-393.9981,-196.9766,0,5.252083,[City]AthensYellow
0.5755683,-0.7995627,-0.1715248,-389.8769,-197.3061,0,5.304976,[City]AthensYellow
0.5762016,-0.7993791,-0.1702493,-388.7164,-195.677,0,5.359503,[City]AthensYellow
0.5744869,-0.8016219,-0.16543,-393.7289,-189.1918,0,5.407587,[City]AthensYellow
0.5708198,-0.8045943,-0.1636848,-401.3533,-187.0553,0,5.458952,[City]AthensYellow
0.5748938,-0.8014681,-0.1647604,-393.8408,-190.1903,0,5.511641,[City]AthensYellow
0.5750117,-0.8011051,-0.1661093,-393.1939,-193.246,0,5.571285,[City]AthensYellow
0.5755471,-0.7996557,-0.1711612,-390.2781,-200.5143,0,5.625349,[City]AthensYellow
0.5796875,-0.7992479,-0.1586356,-384.1523,-183.9354,0,5.666399,[City]AthensYellow
0.5859165,-0.8090089,-0.04697179,-385.5171,-40.30556,0,5.726835,[Board]
0.5839989,-0.8112052,-0.02985464,-389.7593,-18.14351,0,5.781303,[Board]
0.5891469,-0.8075181,-0.02864222,-379.2075,-16.24267,0,5.833048,[Board]
0.5845638,-0.8107911,-0.03004848,-387.968,-17.6132,0,5.892881,[Board]
0.588603,-0.8078434,-0.03058822,-379.0739,-18.11766,0,5.945637,[Board]
0.5930257,-0.8043373,-0.03690733,-369.9863,-26.33851,0,6.000204,[Board]
0.59539,-0.8025609,-0.03750612,-364.7438,-27.21882,0,6.059896,[Board]
0.5947745,-0.8031322,-0.0349558,-365.5884,-24.20602,0,6.116043,[Board]
0.5955862,-0.8025448,-0.03462502,-363.455,-23.9988,0,6.170597,[Board]
0.5961419,-0.8023362,-0.02952043,-363.0178,-17.85671,0,6.227304,[Board]
0.5931325,-0.8045398,-0.03016001,-367.5334,-18.40974,0,6.279894,[Board]
0.5915883,-0.8055959,-0.03222754,-370.9259,-20.96646,0,6.319286,[Board]
0.59071,-0.8062432,-0.03214946,-373.7248,-21.40892,0,6.354658,[Board]
0.5911362,-0.8058558,-0.0339779,-373.0946,-24.05964,0,6.408546,[Board]
0.5910048,-0.8057749,-0.03795043,-372.8285,-29.34673,0,6.44771,[Board]
0.5934675,-0.8041824,-0.0329693,-367.6318,-23.01442,0,6.500654,[Board]
0.5955194,-0.802712,-0.03178315,-362.8058,-21.53928,0,6.555258,[Board]
0.5914589,-0.8057052,-0.03186681,-371.8371,-20.73547,0,6.601782,[Board]
0.5876051,-0.8084986,-0.0324072,-379.4483,-20.99612,0,6.661039,[Board]
0.5869513,-0.8091127,-0.02872043,-380.8697,-16.17832,0,6.711985,[Board]
0.5931765,-0.8046017,-0.02752724,-368.6298,-14.73974,0,6.756464,[Board]
0.5881767,-0.8079937,-0.03455922,-378.5225,-23.44665,0,6.814123,[Board]
0.5884652,-0.8076241,-0.03810534,-378.3766,-27.79599,0,6.861509,[Board]
0.5867984,-0.809025,-0.03385513,-382.1091,-21.86794,0,6.91758,[Board]
0.5902609,-0.8065714,-0.03216577,-375.1999,-19.90746,0,6.956158,[Board]
0.5909228,-0.8060595,-0.03283707,-374.0729,-20.97085,0,7.00486,[Board]
0.590485,-0.80612,-0.03870333,-375.0609,-28.46587,0,7.055702,[Board]
0.5916889,-0.8050649,-0.04212699,-372.2515,-32.69914,0,7.099092,[Board]
0.5998227,-0.7986007,-0.04949398,-355.893,-42.48961,0,7.143394,[Board]
0.6495531,-0.7546613,-0.09255882,-243.6334,-104.8062,0,7.18679,[Board]
0.6503416,-0.7532741,-0.09815275,-240.4954,-112.2042,0,7.243305,[Board]
0.6511273,-0.7527157,-0.09722306,-238.587,-110.9131,0,7.29521,[Board]
0.6541765,-0.749831,-0.0990283,-231.1984,-114.2196,0,7.341032,[Board]
0.6493335,-0.7543507,-0.09654535,-243.2226,-110.5494,0,7.395821,[Board]
0.6494324,-0.7539582,-0.09891785,-242.1874,-114.3591,0,7.444532,[Board]
0.6510758,-0.752625,-0.09826473,-237.8411,-113.9614,0,7.500875,[Board]
0.6508968,-0.7536421,-0.09141603,-239.1826,-103.9062,0,7.552046,[Board]
0.649475,-0.7546911,-0.09286361,-242.8711,-105.8254,0,7.605249,[Board]
0.6504978,-0.7533696,-0.09636856,-239.7902,-110.7249,0,7.653467,[Board]
0.6501156,-0.7542075,-0.09230791,-241.1516,-104.9178,0,7.706749,[Board]
0.6509628,-0.7533691,-0.09317999,-238.6976,-106.1842,0,7.755407,[Board]
0.6514977,-0.7523257,-0.09775944,-236.7605,-112.5863,0,7.793592,[Board]
0.6511045,-0.7527481,-0.09712534,-237.8882,-111.1705,0,7.851503,[Board]
0.6510327,-0.7522783,-0.101162,-237.6951,-116.5292,0,7.909109,[Board]
0.6549785,-0.7493509,-0.09734702,-228.7114,-112.2139,0,7.966721,[Board]
0.655113,-0.7491338,-0.09810928,-227.9256,-113.6413,0,8.022717,[Board]
0.654124,-0.750632,-0.0931316,-231.7124,-106.9247,0,8.078566,[Board]
0.6532499,-0.7512899,-0.09395813,-233.7645,-108.3177,0,8.130299,[Board]
0.6496297,-0.7536409,-0.1000333,-240.8513,-116.4756,0,8.17144,[Board]
0.6492339,-0.75329,-0.1051167,-240.6404,-123.4672,0,8.228125,[Board]
0.6415284,-0.7599298,-0.1046324,-259.3348,-121.4581,0,8.27467,[City]SofiaYellow
0.651306,-0.752037,-0.1011967,-237.0683,-118.6107,0,8.332026,[Board]
0.6538525,-0.7500512,-0.0994991,-230.3951,-117.4071,0,8.385601,[Board]
0.653667,-0.7505132,-0.09720753,-231.0717,-114.7851,0,8.444927,[Board]
0.6491509,-0.7544034,-0.09735803,-241.3317,-114.0482,0,8.499119,[Board]
0.6483442,-0.755131,-0.09709273,-243.848,-113.037,0,8.549591,[Board]
0.6494189,-0.754688,-0.09327932,-242.0656,-107.6742,0,8.608198,[Board]
0.651947,-0.7519396,-0.09773439,-234.6939,-113.9894,0,8.665701,[Board]
0.6522307,-0.7519216,-0.09596381,-233.8753,-111.589,0,8.717354,[Board]
0.6496658,-0.7545263,-0.09286793,-240.8121,-106.8869,0,8.776276,[Board]
0.6489055,-0.7550843,-0.09364517,-242.9879,-107.4283,0,8.832735,[Board]
0.6481325,-0.7560784,-0.09093809,-245.6085,-103.4313,0,8.883736,[Board]
0.650131,-0.7533923,-0.09863961,-240.0227,-114.5515,0,8.943851,[Board]
0.6504237,-0.7539256,-0.09244036,-240.0161,-105.8469,0,9.001558,[Board]
0.6497445,-0.754675,-0.09109193,-242.0751,-103.6754,0,9.052509,[Board]
0.6507444,-0.7537664,-0.09147665,-240.2154,-104.1874,0,9.110701,[Board]
0.6516725,-0.7531505,-0.08992897,-237.8257,-101.9993,0,9.167871,[Board]
0.6496391,-0.7549138,-0.08985697,-243.2371,-101.3693,0,9.219572,[Board]
0.6523419,-0.7527317,-0.08857211,-237.4853,-99.59085,0,9.278082,[Board]
0.6554155,-0.7500045,-0.08901499,-229.6165,-100.7784,0,9.334471,[Board]
0.656881,-0.7485732,-0.09025288,-225.677,-103.6309,0,9.385885,[Board]
0.6574544,-0.7481087,-0.08992742,-224.0346,-104.0235,0,9.446096,[Board]
0.6511979,-0.7534468,-0.09088062,-239.1347,-104.603,0,9.512215,[Board]
0.647208,-0.7566125,-0.09305543,-249.2452,-107.0605,0,9.569424,[Board]
0.6478991,-0.7561065,-0.09235682,-247.4532,-106.0219,0,9.60955,[Board]
0.6527513,-0.7534561,-0.0788644,-236.9897,-87.88325,0,9.659374,[Board]
0.6538675,-0.7521691,-0.08184649,-233.3359,-92.22382,0,9.711416,[Board]
0.6546568,-0.7504701,-0.09065943,-229.8568,-104.5424,0,9.747675,[Board]
0.6539032,-0.7517696,-0.08516473,-232.8637,-96.67258,0,9.794868,[Board]
0.6545652,-0.7504933,-0.09112732,-230.407,-104.6307,0,9.850054,[Board]
0.6548863,-0.7503051,-0.09036697,-229.9805,-103.3597,0,9.898552,[Board]
0.6540492,-0.7515329,-0.08612771,-232.6698,-97.39817,0,9.95187,[Board]
0.6513467,-0.7537009,-0.08764995,-238.8596,-99.22658,0,10.00175,[Board]
0.6488357,-0.7558427,-0.08782946,-245.4081,-99.27693,0,10.0546,[Board]
0.6488975,-0.7558221,-0.08754972,-245.1941,-98.72237,0,10.11435,[Board]
0.6538812,-0.7510713,-0.0912755,-232.6049,-104.4592,0,10.16906,[Board]
0.6562794,-0.7491558,-0.08979443,-227.0261,-102.4945,0,10.2242,[Board]
0.6546671,-0.7507366,-0.08834916,-231.2937,-99.99574,0,10.28401,[Board]
0.6546397,-0.7509484,-0.0867373,-231.8519,-98.33296,0,10.33942,[Board]
0.6542152,-0.7510011,-0.08944132,-232.4008,-102.9101,0,10.3933,[Board]
0.6519933,-0.752892,-0.0897679,-237.6013,-103.2682,0,10.45154,[Board]
0.6548067,-0.7502997,-0.09098659,-230.8942,-105.2744,0,10.50618,[Board]
0.6530414,-0.7522153,-0.08780086,-236.184,-100.6118,0,10.56107,[Board]
0.6533699,-0.7521793,-0.08563881,-235.3822,-97.63557,0,10.61909,[Board]
0.6548511,-0.751682,-0.07838461,-232.2676,-88.09599,0,10.67368,[Board]
0.6570708,-0.7482058,-0.09190232,-224.8866,-107.5488,0,10.72732,[Board]
0.6553083,-0.7497087,-0.09223781,-229.3965,-107.9081,0,10.78572,[Board]
0.6538667,-0.751553,-0.08732894,-233.709,-100.8246,0,10.84148,[Board]
0.6546024,-0.7509466,-0.08703358,-232.062,-100.5957,0,10.89588,[Board]
0.6546318,-0.7508223,-0.08788112,-231.6976,-102.024,0,10.95406,[Board]
0.6519407,-0.7529425,-0.08972733,-237.8124,-104.4856,0,11.01044,[Board]
0.6552496,-0.7507607,-0.08370446,-230.7412,-96.52966,0,11.06384,[Board]
0.6529033,-0.7527013,-0.08460489,-236.9235,-97.41404,0,11.12039,[Board]
0.6499703,-0.7546383,-0.08977541,-243.068,-104.0375,0,11.1755,[Board]
0.6520801,-0.7538397,-0.08072903,-238.977,-91.62633,0,11.23066,[Board]
0.6567739,-0.7500367,-0.07805768,-228.2596,-88.62161,0,11.28875,[Board]
0.6590059,-0.7473797,-0.08446714,-222.5426,-98.44054,0,11.34489,[Board]
0.6558565,-0.7499187,-0.0864531,-230.057,-101.302,0,11.39851,[Board]
0.6552069,-0.7512581,-0.07946838,-232.3433,-92.04051,0,11.44263,[Board]
0.6610042,-0.746265,-0.07849824,-218.1551,-91.79435,0,11.50013,[Board]
0.6617435,-0.7444639,-0.08870821,-215.0776,-105.9832,0,11.55145,[City]ViennaYellow
0.6336346,-0.7628195,-0.1288939,-275.0514,-157.1699,0,11.59667,[City]SofiaYellow
0.6001667,-0.7850762,-0.1531512,-342.959,-184.1033,0,11.6499,[Board]
0.6101803,-0.7777743,-0.1508213,-321.8567,-183.287,0,11.70376,[Board]
0.6099743,-0.7776709,-0.1521824,-321.6858,-185.4402,0,11.76366,[Board]
0.6082113,-0.7797105,-0.1487636,-326.2876,-180.6889,0,11.81882,[Board]
0.6091602,-0.7793574,-0.1467168,-325.1348,-177.994,0,11.87263,[Board]
0.6102062,-0.7786645,-0.1460477,-322.936,-177.3936,0,11.93215,[Board]
0.6081319,-0.7809082,-0.1426814,-328.1566,-172.6988,0,11.9861,[Board]
0.6120034,-0.7764605,-0.1502031,-318.113,-183.8273,0,12.03933,[Board]
0.6120978,-0.77648,-0.1497168,-318.2102,-183.1057,0,12.09885,[Board]
0.6087744,-0.7802161,-0.1437237,-326.4198,-173.8983,0,12.15454,[Board]
0.6088858,-0.7776901,-0.1563853,-323.2554,-190.8877,0,12.20816,[Board]
0.6061701,-0.7802406,-0.1542158,-329.4282,-187.0179,0,12.26715,[Board]
0.6112683,-0.7768987,-0.150929,-319.6365,-183.2498,0,12.32092,[Board]
0.6112339,-0.7769753,-0.1506732,-319.7211,-183.2933,0,12.37386,[Board]
0.6123464,-0.7756819,-0.1528054,-316.7807,-187.5549,0,12.4334,[Board]
0.6115264,-0.7764661,-0.1521048,-318.446,-186.7775,0,12.48875,[Board]
0.6084869,-0.7789287,-0.1517028,-325.0492,-185.4515,0,12.54294,[Board]
0.6072756,-0.7794997,-0.153612,-327.6177,-187.5471,0,12.60115,[Board]
0.6081876,-0.7787532,-0.15379,-325.3192,-187.9675,0,12.6554,[Board]
0.6081715,-0.7790062,-0.1525669,-325.2317,-186.1808,0,12.70877,[Board]
0.6056819,-0.7807419,-0.1535956,-330.5317,-186.9166,0,12.76704,[Board]
0.6053245,-0.781033,-0.1535243,-331.3663,-186.326,0,12.82234,[Board]
0.611267,-0.7783685,-0.1431615,-320.4604,-172.97,0,12.87675,[Board]
0.6103281,-0.779105,-0.1431606,-322.6368,-172.7508,0,12.93589,[Board]
0.6040131,-0.7827594,-0.1498529,-334.1641,-181.0433,0,12.9916,[Board]
0.6101613,-0.7780787,-0.1493208,-320.8964,-182.1528,0,13.03155,[Board]
0.6073948,-0.7805464,-0.1477121,-327.5706,-179.7895,0,13.08895,[Board]
0.6082166,-0.7801549,-0.1463926,-326.4748,-178.4278,0,13.1486,[Board]
0.6086403,-0.7797792,-0.1466338,-325.3972,-178.7909,0,13.20117,[Board]
0.6082451,-0.7807239,-0.1432064,-326.9499,-173.5664,0,13.25592,[Board]
0.6103468,-0.7789128,-0.1441233,-322.4875,-175.2103,0,13.33659,[Board]
0.6109266,-0.777913,-0.1470374,-320.6304,-179.5453,0,13.44777,[Board]
0.6093791,-0.7806761,-0.138571,-326.2499,-166.8988,0,13.52667,[Board]
0.6085683,-0.7813379,-0.1384038,-328.911,-166.1386,0,13.58175,[Board]
0.6069304,-0.7822048,-0.1406813,-332.4276,-168.3875,0,13.63762,[Board]
0.6103114,-0.7795583,-0.1407438,-324.9426,-169.306,0,13.69097,[Board]
0.6089281,-0.7801291,-0.1435443,-327.3461,-172.9501,0,13.75173,[Board]
0.6075417,-0.7811476,-0.1438802,-330.4617,-173.2309,0,13.78649,[Board]
0.6087225,-0.7802763,-0.1436169,-328.6063,-172.9086,0,13.83492,[Board]
0.6102003,-0.7792258,-0.1430478,-326.6532,-172.1164,0,13.88788,[Board]
0.6098083,-0.7805284,-0.1375111,-329.1937,-163.9055,0,13.94227,[Board]
0.6097932,-0.7802334,-0.1392409,-329.6492,-165.6643,0,13.97458,[Board]
0.608454,-0.7811242,-0.1401025,-333.553,-165.8298,0,14.02605,[Board]
0.6091612,-0.7796574,-0.1451104,-331.5777,-171.6461,0,14.0672,[Board]
0.6173443,-0.7736939,-0.1424205,-314.7623,-166.5858,0,14.10906,[City]SofiaYellow
0.6153669,-0.7764743,-0.1356876,-322.7931,-151.4243,0,14.16421,[Board]
0.6154034,-0.7762713,-0.1366801,-323.2951,-149.3409,0,14.21635,[Board]
0.6170611,-0.7740771,-0.1415637,-319.7207,-154.444,0,14.26058,[Board]
0.6169083,-0.7723223,-0.1514675,-319.7739,-165.7002,0,14.31679,[Board]
0.6134729,-0.7734562,-0.1594254,-327.9979,-172.905,0,14.36847,[Board]
0.6127949,-0.7734771,-0.1619121,-328.9591,-173.5056,0,14.42787,[Board]
0.6166775,-0.7702813,-0.1624056,-322.5554,-172.1328,0,14.48594,[Board]
0.6170735,-0.7701373,-0.1615823,-324.2865,-168.9615,0,14.54015,[Board]
0.6166603,-0.7711124,-0.1584793,-325.8327,-163.4265,0,14.58642,[Board]
0.6213882,-0.7671479,-0.1592505,-316.8212,-164.7199,0,14.64139,[City]SofiaYellow
0.6167421,-0.770236,-0.1623753,-328.2121,-167.3864,0,14.69363,[Board]
0.6118088,-0.7725391,-0.1699216,-338.7616,-175.8551,0,14.7519,[Board]
0.6067594,-0.7758284,-0.1730127,-351.0743,-178.4389,0,14.80779,[City]AthensYellow
0.6098371,-0.7734401,-0.1728847,-346.8492,-177.7574,0,14.86051,[Board]
0.6101954,-0.7716948,-0.179301,-348.3345,-183.4476,0,14.92112,[Board]
0.6132758,-0.7705972,-0.173415,-351.7092,-172.2294,0,14.97606,[City]AthensYellow
0.5799669,-0.7960616,-0.1729869,-435.593,-159.4592,0,15.02934,[Board]
0.3821563,-0.9231941,0.04085836,-740.1614,97.32336,0,15.08839,[Board]
0.2555718,-0.9658052,0.04362721,-884.7712,102.1634,0,15.14525,[CityCard]ViennaYellow
0.2514365,-0.9676817,0.01928302,-891.4041,78.80051,0,15.18433,[CityCard]ViennaYellow
0.2811699,-0.9596156,0.009017285,-860.252,71.45934,0,15.24104,[CityCard]ViennaYellow
0.2900105,-0.9568763,0.01678265,-852.5886,81.72718,0,15.29656,[CityCard]ViennaYellow
0.3027309,-0.9528728,0.01968351,-841.3333,87.02707,0,15.35186,[CityCard]ViennaYellow
0.303036,-0.9526364,0.02555601,-841.2734,95.54069,0,15.39606,[CityCard]ViennaYellow
0.3141808,-0.9489654,0.02747744,-832.4539,99.80123,0,15.45207,[CityCard]ViennaYellow
0.3216122,-0.9467304,0.01634421,-824.5292,91.14346,0,15.50368,[CityCard]ViennaYellow
0.3213276,-0.9467578,0.0199569,-825.9307,96.57504,0,15.5617,[CityCard]ViennaYellow
0.3191991,-0.9476866,-0.00147681,-830.3914,75.20551,0,15.61847,[CityCard]ViennaYellow
0.3249852,-0.9457188,0.0007653187,-823.0101,78.23273,0,15.67163,[CityCard]ViennaYellow
0.336996,-0.9415043,0.001812088,-807.2424,79.60737,0,15.71729,[CityCard]ViennaYellow
0.3361951,-0.9417732,-0.00600632,-807.9618,71.55409,0,15.77322,[CityCard]ViennaYellow
0.3264302,-0.9452136,-0.003819973,-819.6047,73.49082,0,15.82487,[CityCard]ViennaYellow
0.3234973,-0.9461995,-0.007485052,-823.4911,69.46174,0,15.88445,[CityCard]ViennaYellow
0.324121,-0.9460066,-0.004131655,-823.5233,71.9891,0,15.94058,[CityCard]ViennaYellow
0.3279734,-0.9446765,-0.004446601,-818.8643,71.04984,0,15.99225,[CityCard]ViennaYellow
0.3262871,-0.9452313,-0.008631619,-821.1234,65.64075,0,16.05123,[CityCard]ViennaYellow
0.3242094,-0.9452182,-0.03808892,-822.9874,35.17809,0,16.10704,[CityCard]ViennaYellow
0.3149618,-0.9454384,-0.08333754,-832.1993,-10.82563,0,16.16077,[Board]
0.3220146,-0.9431173,-0.08268255,-822.916,-11.60118,0,16.22028,[Board]
0.3191691,-0.9444347,-0.07857615,-826.119,-8.806587,0,16.274,[Board]
0.3122396,-0.9474781,-0.06922306,-834.1846,-0.06705989,0,16.32614,[CityCard]ViennaYellow
0.3121085,-0.9475117,-0.06935328,-834.0264,-1.15762,0,16.38607,[CityCard]ViennaYellow
0.3247595,-0.9416265,-0.08871727,-813.4149,-30.78967,0,16.4431,[CityCard]GlasgowBlue
0.4177953,-0.8843459,-0.2082772,-684.9632,-184.6477,0,16.49602,[Board]
0.6119012,-0.7497181,-0.2519913,-351.6827,-295.2818,0,16.55535,[Board]
0.5972469,-0.7261458,-0.3406,-314.9242,-505.6302,0,17.11089,[Board]
0.5945714,-0.7343583,-0.3274184,-328.2903,-480.3843,0,17.16368,[Board]
0.5942156,-0.7364416,-0.3233597,-331.967,-471.1534,0,17.22219,[Board]
0.5955147,-0.736703,-0.3203607,-330.0663,-463.4141,0,17.27889,[Board]
0.6031594,-0.7293987,-0.3227635,-309.9124,-468.9387,0,17.33235,[Board]
0.6040534,-0.7300217,-0.3196683,-309.8811,-461.8608,0,17.39158,[Board]
0.60377,-0.7277792,-0.325268,-308.0682,-469.1466,0,17.43283,[Board]
0.5977259,-0.7282356,-0.3352562,-317.1997,-481.4642,0,17.48492,[Board]
0.5972043,-0.7280111,-0.3366703,-317.8544,-482.8167,0,17.54278,[Board]
0.5998951,-0.7232733,-0.3420549,-307.5836,-493.6023,0,17.58488,[Board]
0.5975161,-0.7253513,-0.3418188,-314.6929,-491.1337,0,17.6376,[Board]
0.5913754,-0.7321913,-0.3378922,-331.5752,-479.7726,0,17.69618,[Board]
0.5992863,-0.7536927,-0.2698207,-343.6755,-374.5761,0,17.75208,[Board]
0.6302031,-0.7763749,-0.009277672,-328.8878,-30.5082,0,17.80549,[City]RomeYellow
0.63977,-0.767363,0.04299306,-306.8885,37.8236,0,17.87442,[City]RomeYellow
0.6402251,-0.7677566,0.02572368,-307.2846,16.76811,0,17.91975,[City]RomeYellow
0.6315674,-0.7749941,0.02251116,-326.3955,13.69418,0,17.96261,[City]RomeYellow
0.6379562,-0.7698634,0.01795138,-312.6887,7.282559,0,17.99793,[City]RomeYellow
0.6387777,-0.7692014,0.01709574,-310.8145,5.675773,0,18.05108,[City]RomeYellow
0.6402006,-0.7680146,0.01722888,-306.0539,5.916225,0,18.09369,[City]RomeYellow
0.6508279,-0.7580919,0.04147033,-280.6616,38.21342,0,18.14594,[City]RomeYellow
0.6492579,-0.7594121,0.04192093,-285.6253,39.65807,0,18.19925,[City]RomeYellow
0.6486517,-0.7597319,0.04537026,-286.5967,45.95178,0,18.25132,[City]RomeYellow
0.6474943,-0.7598897,0.05760838,-289.2487,64.51759,0,18.28855,[Board]
0.6481384,-0.7590305,0.06155778,-288.4982,72.5649,0,18.34237,[Board]
0.6638891,-0.7449957,0.06505865,-250.4115,86.99043,0,18.39771,[Board]
0.6666698,-0.7406513,0.08358861,-240.3088,124.2798,0,18.45757,[Board]
0.672994,-0.7327167,0.1010213,-215.1105,163.3945,0,18.48889,[Board]
0.6722744,-0.7362099,0.07773188,-230.4169,153.5984,0,18.53926,[Board]
0.6298269,-0.7703938,0.09905269,-334.4005,189.4694,0,18.59544,[Board]
0.6005131,-0.7994585,0.01581681,-407.4276,88.12289,0,18.638,[Board]
0.60285,-0.7978539,0.001002049,-398.9211,77.36861,0,18.69073,[Board]
0.6475846,-0.7618496,-0.01480621,-306.6444,60.70731,0,18.73618,[Board]
0.6502655,-0.759052,-0.03154078,-301.7608,41.87425,0,18.79347,[City]RomeYellow
0.6597039,-0.7497632,-0.05143782,-285.6401,16.46064,0,18.84553,[City]RomeYellow
0.6715985,-0.7371026,-0.07506779,-257.177,-17.74491,0,18.905,[Board]
0.6704848,-0.7311081,-0.126219,-251.0903,-92.88635,0,18.95979,[Board]
0.6021184,-0.6773866,-0.4226119,-278.6332,-522.5408,0,19.23927,[Action]Drive/Ferry Pilot
0.6329302,-0.723508,-0.275564,-292.7045,-296.5416,0,19.28276,[Board]
0.6691986,-0.7426026,0.02673312,-272.761,87.00146,0,19.33501,[Board]
0.6669642,-0.743638,0.04648919,-279.4639,117.9796,0,19.39245,[Board]
0.6730042,-0.7373472,0.05817619,-263.6752,137.5475,0,19.43376,[Board]
0.6821098,-0.729651,0.04832823,-239.7294,134.0187,0,19.48684,[Board]
0.6854935,-0.7270837,0.03805214,-231.9053,125.2774,0,19.53404,[Board]
0.6732019,-0.7391805,0.02028278,-259.8932,107.7695,0,19.58707,[Board]
0.6712911,-0.7411057,-0.01142707,-263.7701,72.45506,0,19.6401,[Board]
0.6740366,-0.7385824,-0.01306939,-257.6355,72.73993,0,19.68534,[Board]
0.6717327,-0.7400939,-0.03218846,-261.8906,51.44223,0,19.74198,[Board]
0.6696239,-0.7418729,-0.03504846,-266.6385,48.79285,0,19.79117,[Board]
0.6691817,-0.7420909,-0.03869082,-267.8337,45.72083,0,19.85717,[Board]
0.6722288,-0.7391104,-0.04271134,-259.7856,40.67923,0,19.89233,[Board]
0.6741539,-0.7373487,-0.04281801,-254.2369,41.64593,0,19.9409,[Board]
0.6773812,-0.7343494,-0.04342305,-244.937,41.63619,0,19.98151,[City]GenevaYellow
0.6665974,-0.7436755,-0.05093805,-267.7363,35.43843,0,20.04168,[Board]
0.6660007,-0.744049,-0.05323614,-269.3871,33.94685,0,20.09871,[Board]
0.6665019,-0.7432392,-0.05805872,-267.1938,29.0533,0,20.14075,[Board]
0.6673448,-0.7425039,-0.05778206,-264.4165,30.19407,0,20.19881,[Board]
0.6718304,-0.7386448,-0.05520687,-254.1976,34.02071,0,20.25444,[Board]
0.6707463,-0.7395742,-0.05594084,-255.6942,33.67562,0,20.30606,[Board]
0.6709821,-0.7392699,-0.05712424,-254.124,32.10591,0,20.35654,[Board]
0.6727199,-0.7374693,-0.05989082,-249.4513,28.44865,0,20.40604,[Board]
0.6680557,-0.7410059,-0.06791064,-259.9844,18.43981,0,20.45868,[Board]
0.6689561,-0.740416,-0.06543539,-257.9756,20.78836,0,20.51567,[Board]
0.670007,-0.7395595,-0.06436148,-256.0948,21.24644,0,20.57191,[Board]
0.668153,-0.7409132,-0.06796355,-258.9933,14.98146,0,20.62698,[Board]
0.6728697,-0.7358237,-0.07622217,-245.3275,2.175821,0,20.68625,[Board]
0.6775244,-0.731416,-0.07740344,-230.549,-2.458645,0,20.74038,[Board]
0.6873541,-0.7212574,-0.08562708,-198.2406,-18.85317,0,20.79336,[Board]
0.7418153,-0.6629096,-0.1012959,-31.85093,-58.25555,0,20.85193,[Board]
0.7517729,-0.6494081,-0.1144844,18.15267,-90.5929,0,20.9087,[Board]
0.7684299,-0.6255578,-0.1348808,99.46078,-138.4973,0,20.9631,[Board]
0.775748,-0.6114968,-0.1558418,147.088,-185.7352,0,21.02182,[City]HelsinkiRed
0.7888991,-0.58872,-0.1762011,220.8445,-238.0846,0,21.07716,[Board]
0.7821025,-0.5909778,-0.1976387,210.2181,-282.2722,0,21.13166,[Board]
0.7761782,-0.5955293,-0.2071045,188.8117,-302.9769,0,21.18737,[Board]
0.7781309,-0.5806468,-0.2395025,228.4102,-373.2416,0,21.24169,[Board]
0.7811924,-0.5569149,-0.2821068,290.3376,-470.0102,0,21.29581,[CityCard]HelsinkiRed
0.7841132,-0.5578279,-0.2720194,296.3387,-452.1635,0,21.35695,[CityCard]HelsinkiRed
0.7900554,-0.555906,-0.2584202,315.0124,-430.2783,0,21.41145,[CityCard]HelsinkiRed
0.7912102,-0.5536526,-0.2597215,324.9577,-433.2711,0,21.46583,[CityCard]HelsinkiRed
0.7882599,-0.5577649,-0.2598935,310.0308,-427.8188,0,21.52419,[CityCard]HelsinkiRed
0.7895699,-0.5566782,-0.2582418,317.0696,-424.6018,0,21.5828,[CityCard]HelsinkiRed
0.781853,-0.5665778,-0.2601837,272.0334,-415.5823,0,21.63161,[Board]
0.7886327,-0.5492175,-0.2764392,326.8971,-458.6854,0,21.68836,[CityCard]HelsinkiRed
0.7864101,-0.5509139,-0.2793797,316.1179,-461.9359,0,21.74318,[CityCard]HelsinkiRed
0.7862195,-0.5498483,-0.2820029,317.9175,-469.3705,0,21.78424,[CityCard]HelsinkiRed
0.7858894,-0.5456221,-0.2909888,329.0253,-491.6461,0,21.84113,[CityCard]HelsinkiRed
0.7857348,-0.5465713,-0.2896217,326.4213,-489.1254,0,21.89704,[CityCard]HelsinkiRed
0.7867138,-0.5460029,-0.2880317,330.672,-487.8164,0,21.9385,[CityCard]HelsinkiRed
0.7886375,-0.5440587,-0.2864454,338.6101,-487.0637,0,21.9974,[CityCard]StockholmRed
0.7892952,-0.5440848,-0.2845783,339.3374,-483.0337,0,22.0506,[CityCard]StockholmRed
0.7847027,-0.55327,-0.2795245,307.8783,-464.3914,0,22.09067,[CityCard]HelsinkiRed
0.6598396,-0.7493379,-0.05571681,-233.7958,-30.39691,0,22.14899,[Board]
0.6346907,-0.7721962,-0.02967522,-293.2441,6.003057,0,22.19108,[City]RomeYellow
0.6314601,-0.775187,-0.01852539,-301.832,21.09426,0,22.24519,[City]RomeYellow
0.6320025,-0.7749206,-0.008419104,-301.4741,36.40687,0,22.28979,[City]RomeYellow
0.6237885,-0.7815634,0.006818494,-323.5652,61.35177,0,22.3427,[Board]
0.6194453,-0.784708,0.02282146,-339.4636,84.20042,0,22.41733,[Board]
0.6160187,-0.7877211,0.004046224,-351.8496,65.1673,0,22.45528,[Board]
0.6215059,-0.7833993,0.003983198,-349.832,72.62286,0,22.51406,[Board]
0.6333451,-0.7736805,-0.01710277,-320.2849,48.38256,0,22.56511,[City]RomeYellow
0.648066,-0.7613742,-0.01788008,-287.0136,50.80008,0,22.61947,[City]RomeYellow
0.6543108,-0.7552103,-0.03917833,-271.7099,25.17771,0,22.67497,[Board]
0.6562864,-0.7528105,-0.05064177,-266.1821,12.20564,0,22.73306,[Board]
0.6544816,-0.7544146,-0.05012365,-270.8767,15.894,0,22.78471,[Board]
0.6528596,-0.7561318,-0.04515578,-275.717,24.59326,0,22.84303,[City]RomeYellow
0.6573943,-0.7522181,-0.04473013,-265.1641,26.66038,0,22.8885,[Board]
0.6590323,-0.751,-0.04093054,-260.9911,33.63615,0,22.94229,[Board]
0.6667384,-0.7440913,-0.0422857,-243.2591,33.44162,0,22.99552,[City]GenevaYellow
0.6668914,-0.74401,-0.04129166,-242.5733,34.34886,0,23.05214,[City]GenevaYellow
0.6663212,-0.7444596,-0.04237917,-243.6942,32.57443,0,23.10508,[City]GenevaYellow
0.6648167,-0.7455295,-0.04695068,-248.3747,26.26825,0,23.16368,[Board]
0.6658632,-0.7445433,-0.04776386,-245.3734,24.17822,0,23.1978,[City]GenevaYellow
0.6656843,-0.7445322,-0.05035954,-244.3536,20.18596,0,23.24615,[City]GenevaYellow
0.6634932,-0.7463259,-0.05267334,-249.9533,17.40445,0,23.30479,[Board]
0.6632065,-0.7469314,-0.04744013,-250.1569,25.62338,0,23.34903,[Board]
0.6671991,-0.7438846,-0.03848379,-241.7213,37.81501,0,23.40261,[City]GenevaYellow
0.6645213,-0.7457183,-0.0481199,-246.8268,25.01963,0,23.45303,[Board]
0.6716092,-0.73903,-0.05268551,-228.5976,18.15527,0,23.50887,[City]GenevaYellow
0.6855778,-0.725714,-0.05763836,-192.7504,10.32785,0,23.56839,[City]GenevaYellow
0.689177,-0.7220154,-0.06106498,-180.6993,5.127471,0,23.62286,[Board]
0.7015765,-0.7101019,-0.05954619,-143.8539,4.781685,0,23.67558,[City]PragueBlue
0.7163509,-0.6940833,-0.07134306,-94.33598,-18.51005,0,23.73269,[Board]
0.7290645,-0.6788076,-0.08766621,-47.42429,-48.49516,0,23.78883,[Board]
0.7611944,-0.6414736,-0.09536605,70.61102,-72.8095,0,23.84469,[Board]
0.7685156,-0.6306169,-0.1081946,109.5143,-102.4572,0,23.9021,[City]HelsinkiRed
0.7757893,-0.6190687,-0.122086,152.0058,-136.7947,0,23.95965,[City]HelsinkiRed
0.7942297,-0.5928341,-0.1332179,249.6043,-174.7973,0,24.01371,[Board]
0.8016059,-0.5767885,-0.1572986,308.9704,-234.9067,0,24.07235,[Board]
0.8058158,-0.5653896,-0.1760553,354.7039,-285.4075,0,24.12086,[Board]
0.80926,-0.5530064,-0.1981973,401.9536,-345.1843,0,24.17289,[CityCard]ParisBlue
0.8099293,-0.5311629,-0.2487579,470.9585,-468.5535,0,24.23308,[CityCard]ParisBlue
0.809283,-0.5227636,-0.2679166,495.0566,-520.6939,0,24.28907,[CityCard]ParisBlue
0.8018659,-0.5292317,-0.2773532,460.0679,-537.9913,0,24.3432,[Board]
0.8046525,-0.539526,-0.2478832,415.3659,-444.8652,0,25.90891,[CityCard]ParisBlue
0.7189401,-0.6944188,-0.0301248,-70.32253,-0.6446406,0,25.96186,[City]HamburgBlue
0.6764624,-0.7346125,0.05237505,-192.7481,124.1886,0,26.02098,[Board]
0.6869395,-0.7265135,0.01709384,-167.47,77.2384,0,26.07461,[City]ParisBlue
0.6918419,-0.7216758,0.02321158,-155.7098,89.52796,0,26.12754,[City]ParisBlue
0.6913607,-0.7224961,0.004446467,-158.8876,64.19445,0,26.17089,[Board]
0.649335,-0.7601935,0.02167372,-267.9354,90.02083,0,26.22779,[Board]
0.6434825,-0.7648727,0.03000152,-282.9465,102.8979,0,26.28363,[Board]
0.6368359,-0.7709309,0.01028035,-301.5174,77.78133,0,26.32779,[Board]
0.6419598,-0.7667221,-0.004975264,-291.1883,60.18254,0,26.3806,[Board]
0.6382573,-0.7698001,-0.00595618,-301.0286,62.44733,0,26.43467,[Board]
0.6406491,-0.7674876,-0.0230527,-294.1416,43.7941,0,26.49392,[City]RomeYellow
0.6385978,-0.7689738,-0.02952821,-298.9413,40.06581,0,26.54862,[City]RomeYellow
0.649975,-0.7594843,-0.02675922,-272.2567,47.69986,0,26.60295,[City]RomeYellow
0.6480224,-0.7612595,-0.02347264,-276.869,54.97616,0,26.66246,[City]RomeYellow
0.646696,-0.7619775,-0.03427231,-280.5889,43.30468,0,26.71758,[City]RomeYellow
0.6500649,-0.7590615,-0.03523226,-273.7446,43.5406,0,26.77096,[City]RomeYellow
0.6474352,-0.7612234,-0.03696685,-280.4745,43.25805,0,26.829,[City]RomeYellow
0.6512454,-0.7575271,-0.04508033,-269.3013,31.93453,0,26.88399,[Board]
0.6587976,-0.7511553,-0.04185072,-251.8947,35.75163,0,26.93885,[Board]
0.6535296,-0.755939,-0.03814765,-265.681,41.8068,0,26.99735,[Board]
0.6457975,-0.7622812,-0.04327784,-282.7352,35.97477,0,27.04955,[City]RomeYellow
0.6494082,-0.759159,-0.04411925,-274.099,33.55578,0,27.10192,[City]RomeYellow
0.6521315,-0.7568363,-0.04385637,-266.8991,33.41981,0,27.16077,[Board]
0.6520128,-0.7570055,-0.04268498,-267.0986,35.07924,0,27.21764,[Board]
0.6492704,-0.7591288,-0.04659824,-274.0602,30.90509,0,27.24915,[City]RomeYellow
0.6502431,-0.758254,-0.04727446,-271.4724,30.92592,0,27.30031,[Board]
0.651737,-0.7571083,-0.04500866,-267.2347,35.39345,0,27.34081,[Board]
0.6511378,-0.7575212,-0.04670306,-268.896,33.40014,0,27.37918,[Board]
0.6493562,-0.7590293,-0.04702353,-273.8304,34.33057,0,27.41216,[City]RomeYellow
0.6536298,-0.7554795,-0.04493038,-263.165,38.10497,0,27.46799,[Board]
0.6539419,-0.7550234,-0.04795551,-263.0145,34.53563,0,27.51692,[Board]
0.6581283,-0.7513688,-0.04808498,-253.2029,34.28465,0,27.55151,[Board]
0.6574312,-0.7519664,-0.04827772,-255.2039,34.49818,0,27.60323,[Board]
0.6589714,-0.7504612,-0.05064285,-252.4593,30.38013,0,27.64286,[Board]
0.658658,-0.7501498,-0.05869374,-253.9152,18.1766,0,27.70151,[Board]
0.6608794,-0.7481913,-0.05872183,-248.8314,16.50607,0,27.75584,[Board]
0.6650375,-0.7449959,-0.05202165,-238.9063,25.24206,0,27.81092,[City]GenevaYellow
0.663395,-0.746293,-0.05434823,-243.3136,23.04283,0,27.87049,[City]GenevaYellow
0.6659175,-0.7399365,-0.09512039,-232.9503,-31.83669,0,27.92376,[Board]
0.6562628,-0.7397245,-0.1487507,-246.8496,-104.0771,0,27.97864,[Board]
0.6601396,-0.7363832,-0.1481741,-237.6252,-104.2971,0,28.02374,[Board]
0.6646568,-0.7307943,-0.1554704,-224.4384,-116.5401,0,28.0752,[Board]
0.6628593,-0.7324767,-0.1552273,-229.2786,-115.872,0,28.12691,[Board]
0.6653119,-0.7322789,-0.1453539,-226.4717,-102.9055,0,28.18406,[Board]
0.6645241,-0.732532,-0.1476637,-228.1906,-107.1031,0,28.24362,[Board]
0.6648601,-0.7315465,-0.1509994,-226.3174,-113.033,0,28.30236,[Board]
0.6641107,-0.7325553,-0.1493979,-228.4959,-110.7807,0,28.35598,[Board]
0.6594664,-0.7366356,-0.1499066,-240.7208,-109.7217,0,28.41349,[Board]
0.6578491,-0.7387897,-0.1463708,-244.8508,-102.6202,0,28.4712,[Board]
0.6568392,-0.7412471,-0.1382572,-249.2221,-89.7887,0,28.52258,[Board]
0.6609906,-0.7363557,-0.1444709,-237.1955,-97.74992,0,28.58033,[Board]
0.657155,-0.7396067,-0.1453585,-246.5431,-97.94065,0,28.62339,[Board]
0.6550124,-0.7410324,-0.1477484,-252.5679,-100.939,0,28.67538,[Board]
0.6567067,-0.7390784,-0.149998,-248.4696,-104.5418,0,28.72952,[Board]
0.6609436,-0.735531,-0.1488215,-238.4928,-103.7579,0,28.77225,[Board]
0.660709,-0.735226,-0.1513488,-239.4734,-106.5893,0,28.82692,[Board]
0.6581417,-0.7375203,-0.1513719,-246.0997,-104.9567,0,28.88312,[Board]
0.6582762,-0.7374485,-0.1511363,-246.15,-104.2167,0,28.93998,[Board]
0.6622507,-0.7330707,-0.1550204,-235.8131,-110.6097,0,28.97371,[Board]
0.665011,-0.7308813,-0.1535347,-228.7868,-108.613,0,29.02488,[Board]
0.6635116,-0.733593,-0.1469476,-235.0645,-98.63483,0,29.08156,[Board]
0.6621236,-0.7337909,-0.1521292,-237.9917,-104.7012,0,29.13559,[Board]
0.6628964,-0.731658,-0.1588864,-236.064,-113.9663,0,29.18826,[Board]
0.6600642,-0.7347026,-0.1566117,-243.6157,-109.3526,0,29.22657,[Board]
0.6590439,-0.7354879,-0.1572216,-245.6684,-110.1743,0,29.27778,[Board]
0.6626186,-0.732125,-0.157891,-236.8113,-112.323,0,29.32624,[Board]
0.666967,-0.7269623,-0.1633429,-224.1191,-121.1897,0,29.3676,[Board]
0.6660549,-0.7276515,-0.1639943,-226.5421,-122.0721,0,29.42755,[Board]
0.6704124,-0.7254034,-0.156004,-218.2799,-111.969,0,29.48308,[Board]
0.6696126,-0.7264488,-0.1545672,-221.2986,-109.746,0,29.52355,[Board]
0.6612989,-0.7328168,-0.160198,-241.6468,-116.0443,0,29.58187,[Board]
0.6640239,-0.7300752,-0.1614389,-233.9938,-118.9726,0,29.63737,[Board]
0.6713904,-0.7238615,-0.1589324,-216.1974,-117.575,0,29.67825,[City]ViennaYellow
0.6692024,-0.7252712,-0.1617094,-220.696,-120.97,0,29.73651,[Board]
0.6685837,-0.7280822,-0.1513012,-225.0978,-105.7055,0,29.78999,[Board]
0.6674027,-0.7302886,-0.1457816,-229.8821,-97.86156,0,29.845,[Board]
0.6679752,-0.728752,-0.1507632,-227.2245,-105.5499,0,29.88832,[Board]
0.6668664,-0.7293614,-0.1527127,-229.0102,-108.6718,0,29.94363,[Board]
0.6693592,-0.7263798,-0.1559832,-221.0242,-113.8778,0,29.99724,[Board]
0.6706373,-0.7250148,-0.1568411,-217.0961,-114.2073,0,30.0542,[City]ViennaYellow
0.6716015,-0.724967,-0.1528862,-216.2518,-107.4918,0,30.11136,[City]ViennaYellow
0.6707855,-0.7259687,-0.1517112,-218.6295,-105.2305,0,30.14452,[Board]
0.6661654,-0.7301951,-0.1517854,-230.9931,-104.1247,0,30.19519,[Board]
0.6702959,-0.7251175,-0.1578227,-217.8098,-114.9836,0,30.2522,[Board]
0.6720393,-0.7234945,-0.157857,-213.4463,-116.397,0,30.28814,[City]ViennaYellow
0.6711662,-0.7242789,-0.1579746,-216.1133,-117.4029,0,30.34081,[City]ViennaYellow
0.6655892,-0.7294302,-0.1578691,-230.9883,-116.8269,0,30.38336,[Board]
0.6672969,-0.729001,-0.1525526,-227.9005,-110.3589,0,30.4393,[Board]
0.6674078,-0.7289131,-0.1524878,-228.1661,-111.021,0,30.49049,[Board]
0.6735567,-0.7228333,-0.1543805,-210.7266,-115.5668,0,30.53953,[City]ViennaYellow
0.675258,-0.720957,-0.1557159,-207.3393,-119.5708,0,30.59705,[City]ViennaYellow
0.6735738,-0.7224556,-0.1560645,-211.0107,-122.0759,0,30.65126,[City]ViennaYellow
0.674255,-0.7218087,-0.1561162,-208.5929,-124.5333,0,30.70466,[City]BudapestYellow
0.674971,-0.7222891,-0.1507068,-208.7905,-116.9395,0,30.74172,[City]ViennaYellow
0.6782334,-0.7190466,-0.1515634,-198.0002,-118.6565,0,30.7955,[City]ViennaYellow
0.6808666,-0.7144557,-0.1611638,-185.1207,-133.8341,0,30.85168,[City]BudapestYellow
0.602721,-0.6904969,-0.3999269,-265.5535,-492.0867,0,30.90718,[Action]Drive/Ferry Pilot
0.5885415,-0.7068771,-0.3923565,-301.1112,-524.3069,0,31.56811,[Board]
0.5891908,-0.7060685,-0.3928377,-299.1825,-525.6702,0,31.62781,[Board]
0.5958731,-0.7013527,-0.3912028,-283.3751,-526.3667,0,31.68378,[Action]Drive/Ferry Pilot
0.6005051,-0.7178175,-0.3523231,-296.5172,-458.0023,0,31.7392,[Board]
0.5994599,-0.6974487,-0.3926998,-273.9149,-529.9652,0,31.797,[Action]Drive/Ferry Pilot
0.6310976,-0.6735678,-0.3847366,-199.6987,-538.1959,0,32.0748,[Board]
0.6127354,-0.6900901,-0.3851377,-248.5823,-524.959,0,32.13104,[Action]Drive/Ferry Pilot
0.6029963,-0.6976493,-0.3868863,-271.3944,-521.6969,0,32.18557,[Action]Drive/Ferry Pilot
0.601099,-0.6980149,-0.3891726,-274.3304,-524.4348,0,32.2394,[Action]Drive/Ferry Pilot
0.6007077,-0.7006813,-0.3849624,-277.0672,-514.5247,0,32.29904,[Action]Drive/Ferry Pilot
0.6019886,-0.7044448,-0.3759884,-279.4714,-496.2603,0,32.35426,[Action]Drive/Ferry Pilot
0.6032965,-0.7030749,-0.3764557,-275.3702,-495.3545,0,32.40862,[Action]Drive/Ferry Pilot
0.6035768,-0.6988267,-0.383844,-270.1663,-506.1006,0,32.46693,[Action]Drive/Ferry Pilot
0.6029558,-0.6979194,-0.3864619,-271.4366,-508.4258,0,32.52168,[Action]Drive/Ferry Pilot
0.607134,-0.6964713,-0.3825128,-263.2183,-500.9447,0,32.57417,[Action]Drive/Ferry Pilot
0.667918,-0.7271415,-0.1585899,-216.8053,-168.4051,0,32.6317,[City]BudapestYellow
0.6891,-0.7240663,-0.02948515,-186.4262,8.75676,0,32.69415,[City]GenevaYellow
0.6878887,-0.7247031,-0.04018193,-190.4617,-6.119004,0,32.74672,[Board]
0.686959,-0.7255905,-0.040071,-194.0411,-4.708861,0,32.79838,[Board]
0.688462,-0.724301,-0.03752298,-189.4669,2.001454,0,32.84789,[Board]
0.6894336,-0.7230227,-0.04381157,-184.9457,-1.152898,0,32.90165,[Board]
0.6877731,-0.7247121,-0.04195718,-188.5941,6.303071,0,32.96338,[City]GenevaYellow
0.6698766,-0.7350619,-0.1046389,-225.4699,-73.65355,0,33.02023,[Board]
0.6718762,-0.7326626,-0.1085722,-220.6162,-76.82166,0,33.07632,[Board]
0.6774215,-0.7263191,-0.1164501,-203.767,-86.46053,0,33.13461,[City]ViennaYellow
0.666424,-0.7351467,-0.124251,-230.9927,-93.03573,0,33.19018,[Board]
0.6653286,-0.7351633,-0.1298958,-233.997,-99.06014,0,33.24316,[Board]
0.671671,-0.7293685,-0.1299217,-218.5385,-99.54845,0,33.30151,[Board]
0.6722125,-0.7288148,-0.1302281,-216.2707,-100.3196,0,33.35621,[City]ViennaYellow
0.6698063,-0.7303168,-0.1341525,-221.6083,-105.5152,0,33.41251,[Board]
0.6724227,-0.7274516,-0.1366083,-215.1471,-109.892,0,33.46983,[City]ViennaYellow
0.669973,-0.7279758,-0.145559,-219.8442,-123.4879,0,33.51083,[Board]
0.6691141,-0.7285838,-0.1464653,-221.4904,-125.8855,0,33.56411,[City]BudapestYellow
0.668642,-0.7287777,-0.1476512,-223.1568,-129.4853,0,33.6232,[City]BudapestYellow
0.6678285,-0.7313827,-0.1381468,-227.7047,-117.4591,0,33.66009,[Board]
0.6684565,-0.7302821,-0.1409041,-225.8372,-123.4581,0,33.71257,[Board]
0.6690957,-0.7292638,-0.143127,-223.6639,-128.3517,0,33.76839,[City]BudapestYellow
0.670242,-0.7285343,-0.1414688,-220.3798,-125.8781,0,33.81571,[City]BudapestYellow
0.6760014,-0.7244217,-0.135038,-206.8048,-117.6398,0,33.84802,[City]ViennaYellow
0.6744771,-0.7265592,-0.1311197,-211.4224,-112.2765,0,33.89794,[City]ViennaYellow
0.6727605,-0.7276959,-0.1336117,-214.2005,-115.7175,0,33.95651,[City]ViennaYellow
0.6629099,-0.7284517,-0.1729407,-229.118,-169.0197,0,34.01495,[City]BudapestYellow
0.6622832,-0.7247114,-0.1901954,-225.78,-192.5477,0,34.06941,[City]BucharestRed
0.6612852,-0.7249981,-0.1925608,-228.2101,-194.2534,0,34.11841,[City]BucharestRed
0.6693131,-0.7194422,-0.1855341,-208.6382,-185.3918,0,34.1754,[City]BucharestRed
0.6664963,-0.7220526,-0.1855339,-215.736,-183.2323,0,34.23204,[Board]
0.6661214,-0.7224817,-0.1852091,-217.0517,-181.9271,0,34.28751,[City]BudapestYellow
0.6653686,-0.723092,-0.1855333,-219.5053,-181.9023,0,34.33197,[City]BudapestYellow
0.6674776,-0.7201019,-0.1895439,-213.0003,-188.2949,0,34.38632,[City]BucharestRed
0.6654351,-0.7224097,-0.1879372,-219.3057,-186.1707,0,34.43964,[City]BucharestRed
0.6641625,-0.7214324,-0.1960188,-219.6534,-199.2464,0,34.49873,[City]BucharestRed
0.6649019,-0.7207457,-0.1960386,-217.595,-200.321,0,34.55299,[City]BucharestRed
0.6624108,-0.7232071,-0.1954057,-225.0409,-197.0579,0,34.60156,[City]BucharestRed
0.6649414,-0.7203957,-0.1971875,-217.0056,-198.3757,0,34.65988,[City]BucharestRed
0.6634259,-0.7223508,-0.1951295,-221.9998,-193.319,0,34.7221,[City]BucharestRed
0.6665266,-0.7195393,-0.1949497,-214.8355,-194.1252,0,34.77555,[City]BucharestRed
0.6609792,-0.723493,-0.1991592,-227.7415,-200.27,0,34.81593,[City]BucharestRed
0.6603604,-0.723602,-0.2008092,-229.3141,-204.9549,0,34.86958,[City]BucharestRed
0.6653233,-0.7193381,-0.1997439,-217.8457,-207.6877,0,34.92015,[City]BucharestRed
0.6676055,-0.7172318,-0.1997033,-211.2794,-211.6713,0,34.96308,[City]BucharestRed
0.6679181,-0.7151054,-0.2061788,-206.8471,-225.5197,0,35.0222,[City]BucharestRed
0.6664618,-0.7167741,-0.2050941,-210.9876,-226.2002,0,35.07826,[City]BucharestRed
0.6734537,-0.7150989,-0.1873333,-199.8454,-204.9135,0,35.13355,[City]BucharestRed
0.6725434,-0.7144204,-0.1931033,-199.2632,-218.1157,0,35.1919,[City]BucharestRed
0.6156049,-0.7246214,-0.3097651,-291.3123,-380.4803,0,35.24838,[Board]
0.5679872,-0.7172091,-0.4037346,-349.1422,-514.2091,0,35.41359,[Board]
0.5775688,-0.7125515,-0.3983524,-330.6869,-509.5179,0,35.46873,[Board]
0.5873528,-0.7044044,-0.3985365,-308.4048,-515.8397,0,35.52671,[Board]
0.6037086,-0.6963075,-0.3881903,-275.2541,-506.333,0,35.58387,[Action]Drive/Ferry Pilot
0.5975398,-0.7022123,-0.3870969,-290.7702,-497.9117,0,35.63818,[Board]
0.5980998,-0.7029495,-0.3848878,-290.602,-492.4997,0,35.69629,[Board]
0.6000121,-0.6987073,-0.3896069,-282.3816,-502.2221,0,35.74832,[Action]Drive/Ferry Pilot
0.6001874,-0.6994607,-0.3879815,-282.601,-499.291,0,35.80409,[Action]Drive/Ferry Pilot
0.6017541,-0.700923,-0.3828826,-282.0984,-489.5508,0,35.85936,[Action]Drive/Ferry Pilot
0.6657578,-0.7309971,-0.149699,-230.822,-149.5198,0,35.91589,[Board]
0.6672617,-0.7304091,-0.1458231,-227.738,-145.216,0,35.97288,[City]BudapestYellow
0.6664075,-0.7312403,-0.1455631,-231.4827,-145.8057,0,36.03201,[Board]
0.6668816,-0.728122,-0.1584527,-227.903,-165.4955,0,36.0867,[City]BudapestYellow
0.6685246,-0.724107,-0.1695401,-220.8503,-182.2944,0,36.14639,[Board]
0.6705647,-0.7226406,-0.1677303,-216.9198,-178.7583,0,36.19965,[City]BudapestYellow
0.6695795,-0.7241915,-0.1649539,-219.2946,-172.07,0,36.24841,[City]BudapestYellow
0.6703159,-0.7233536,-0.165639,-214.7996,-170.1028,0,36.29647,[City]BudapestYellow
0.6701622,-0.7239962,-0.1634387,-214.9569,-165.3444,0,36.35635,[City]BudapestYellow
0.6701624,-0.7238565,-0.1640551,-213.0429,-164.6289,0,36.40223,[City]BudapestYellow
0.6670672,-0.7259508,-0.1673824,-219.1861,-169.0471,0,36.43508,[City]BudapestYellow
0.6663498,-0.7205603,-0.1917571,-212.1706,-203.2174,0,36.48782,[City]BucharestRed
0.6662953,-0.7196938,-0.1951701,-211.5229,-207.2409,0,36.54321,[City]BucharestRed
0.6628864,-0.7231621,-0.1939543,-222.0587,-203.8905,0,36.58504,[City]BucharestRed
0.6592137,-0.72698,-0.1921909,-232.4486,-199.3569,0,36.63761,[City]BucharestRed
0.6580533,-0.7266784,-0.1972417,-234.4891,-205.2146,0,36.69062,[City]BucharestRed
0.6656198,-0.7205066,-0.1944749,-214.4874,-202.2857,0,36.74966,[City]BucharestRed
0.6661161,-0.72152,-0.1889397,-214.4094,-192.688,0,36.80615,[City]BucharestRed
0.6644117,-0.7234223,-0.1876623,-221.2325,-190.1137,0,36.85889,[City]BucharestRed
0.6718529,-0.7136456,-0.198302,-199.1285,-208.8573,0,36.91809,[City]BucharestRed
0.6696821,-0.7149647,-0.2008765,-204.6082,-212.9246,0,36.97472,[City]BucharestRed
0.6716128,-0.7142285,-0.1970122,-201.2514,-208.0078,0,37.02753,[City]BucharestRed
0.6689928,-0.7172574,-0.1949113,-210.3965,-203.9883,0,37.08712,[City]BucharestRed
0.6666873,-0.7189534,-0.1965557,-216.9668,-206.9859,0,37.14347,[City]BucharestRed
0.6691614,-0.7157663,-0.1997537,-210.1935,-214.5308,0,37.1961,[City]BucharestRed
0.6701236,-0.7158263,-0.1962829,-208.5645,-210.8736,0,37.25351,[City]BucharestRed
0.6705557,-0.71565,-0.1954485,-207.9412,-210.3413,0,37.30928,[City]BucharestRed
0.6650535,-0.7203968,-0.1968051,-221.0764,-210.5789,0,37.36275,[City]BucharestRed
0.646612,-0.737637,-0.1943825,-265.1844,-200.4127,0,37.42168,[Board]
0.6458865,-0.7369834,-0.199214,-265.6674,-207.1861,0,37.47878,[Board]
0.6438265,-0.7402495,-0.1936959,-272.368,-198.3896,0,37.53129,[Board]
0.6316137,-0.7501471,-0.1958152,-300.1475,-197.5002,0,37.59028,[Board]
0.6281996,-0.7531179,-0.1953939,-309.4312,-195.6946,0,37.63161,[Board]
0.6278404,-0.7549934,-0.1892127,-311.8018,-186.7097,0,37.68383,[Board]
0.6293577,-0.7522125,-0.1951544,-306.1619,-195.2343,0,37.74259,[Board]
0.6329302,-0.7490845,-0.1956317,-297.6161,-196.6657,0,37.78457,[Board]
0.6284482,-0.7533173,-0.1938192,-308.015,-191.6341,0,37.83714,[Board]
0.6285396,-0.7535518,-0.1926076,-307.8531,-189.0361,0,37.89604,[Board]
0.6270667,-0.753876,-0.1961082,-310.6054,-192.3686,0,37.95251,[Board]
0.6277295,-0.753534,-0.1953005,-309.1667,-190.5598,0,38.00494,[Board]
0.6287335,-0.7527275,-0.1951806,-307.1849,-190.488,0,38.05004,[Board]
0.628288,-0.7539996,-0.1916739,-309.8417,-184.7894,0,38.10625,[Board]
0.6256355,-0.7558873,-0.1929107,-315.5883,-184.786,0,38.15806,[Board]
0.6272319,-0.7539469,-0.1953054,-310.7953,-186.945,0,38.21804,[Board]
0.6274854,-0.7538301,-0.1949417,-311.1553,-185.1183,0,38.27358,[Board]
0.6317309,-0.7507265,-0.1931988,-302.8078,-183.673,0,38.32784,[Board]
0.6314786,-0.7497928,-0.1975995,-302.04,-190.6074,0,38.38528,[Board]
0.6265659,-0.7524195,-0.2031748,-312.5866,-198.9821,0,38.4362,[Board]
0.6258373,-0.7498209,-0.2147005,-311.299,-217.2564,0,38.48779,[Board]
0.6292149,-0.7495521,-0.2055731,-305.5579,-207.5746,0,38.52391,[Board]
0.6278691,-0.7509257,-0.204673,-309.1657,-208.4972,0,38.57734,[Board]
0.6283056,-0.7507386,-0.2040186,-308.3541,-209.617,0,38.62795,[Board]
0.6287316,-0.7507752,-0.2025662,-308.1947,-208.4545,0,38.67025,[Board]
0.6314493,-0.7472064,-0.2072544,-300.3624,-217.9187,0,38.72912,[Board]
0.6325585,-0.7469859,-0.2046504,-297.7294,-216.2434,0,38.78458,[Board]
0.6294655,-0.7472636,-0.2130036,-300.6339,-229.267,0,38.82609,[Board]
0.5993455,-0.6878945,-0.4093729,-272.0304,-537.5607,0,39.18943,[Board]
0.6008374,-0.6890965,-0.4051426,-271.1179,-528.6592,0,39.25797,[Action]Drive/Ferry Pilot
0.5998617,-0.696053,-0.3945583,-281.9879,-506.5454,0,39.28573,[Action]Drive/Ferry Pilot
0.6013648,-0.6950256,-0.3940809,-278.2362,-507.2925,0,39.3229,[Action]Drive/Ferry Pilot
0.5970119,-0.6944963,-0.4015615,-283.3399,-519.4875,0,39.36095,[Action]Drive/Ferry Pilot
0.599133,-0.6869593,-0.4112501,-270.5318,-539.546,0,39.401,[Board]
0.6026759,-0.6882157,-0.4039072,-266.3375,-527.241,0,39.45841,[Action]Drive/Ferry Pilot
0.6017933,-0.6903047,-0.4016519,-272.3311,-521.8007,0,39.51646,[Action]Drive/Ferry Pilot
0.6022525,-0.6910228,-0.3997241,-273.9268,-518.22,0,39.58086,[Action]Drive/Ferry Pilot
0.6110781,-0.7070818,-0.3558355,-281.8028,-443.3591,0,39.63196,[Action]Drive/Ferry Pilot
0.6315008,-0.7564858,-0.1701057,-312.4727,-166.4839,0,39.68561,[City]SofiaYellow
0.6330364,-0.7573503,-0.1602667,-311.0142,-153.4638,0,39.72665,[City]SofiaYellow
0.6281135,-0.7619179,-0.1579703,-321.7221,-148.137,0,39.77738,[Board]
0.6309979,-0.7605386,-0.1530445,-315.5914,-141.0944,0,39.83485,[City]SofiaYellow
0.6328003,-0.750581,-0.1902415,-300.4839,-192.259,0,39.88316,[Board]
0.6317638,-0.7512119,-0.1911942,-300.7549,-192.6255,0,39.94028,[Board]
0.6281502,-0.7532198,-0.1951596,-305.4829,-196.4313,0,39.98709,[Board]
0.6259858,-0.7558466,-0.1919313,-311.8874,-190.2967,0,40.03122,[Board]
0.6294905,-0.7524737,-0.1937137,-303.7155,-192.7466,0,40.08732,[Board]
0.6205556,-0.758504,-0.1989531,-322.5746,-197.2485,0,40.14084,[Board]
0.6231474,-0.7548167,-0.2047904,-314.2364,-205.3538,0,40.19979,[Board]
0.6289169,-0.751397,-0.199665,-303.1742,-198.8528,0,40.25708,[Board]
0.6279354,-0.7517948,-0.2012506,-306.8772,-200.4013,0,40.30961,[Board]
0.6283746,-0.7511949,-0.2021178,-307.6522,-202.2469,0,40.36957,[Board]
0.6305366,-0.7499457,-0.2000125,-304.9073,-200.802,0,40.42613,[Board]
0.6382753,-0.7431158,-0.2009565,-287.6808,-205.6399,0,40.47897,[Board]
0.6373869,-0.7428339,-0.2047825,-287.6713,-211.6764,0,40.53811,[Board]
0.6394376,-0.7411879,-0.2043528,-282.2998,-211.7045,0,40.59386,[Board]
0.6387079,-0.7416824,-0.2048401,-283.0275,-212.3609,0,40.64684,[Board]
0.6462541,-0.7244556,-0.2398326,-251.4799,-266.9909,0,40.70689,[City]BucharestRed
0.6469943,-0.7236775,-0.2401859,-249.3893,-267.3318,0,40.76308,[City]BucharestRed
0.6441844,-0.726553,-0.2390551,-256.5642,-263.2771,0,40.81574,[Board]
0.6424398,-0.7265873,-0.2436021,-259.3707,-268.4589,0,40.87477,[Board]
0.6456084,-0.7249205,-0.2401667,-251.4378,-263.5463,0,40.91603,[City]BucharestRed
0.6434941,-0.7262425,-0.2418411,-256.4677,-264.874,0,40.96815,[Board]
0.6455485,-0.7249024,-0.2403822,-252.6945,-263.115,0,41.02745,[City]BucharestRed
0.6476504,-0.7226731,-0.2414387,-246.9753,-266.316,0,41.06915,[City]BucharestRed
0.6475945,-0.7208195,-0.2470638,-245.703,-275.6506,0,41.12054,[City]BucharestRed
0.6478543,-0.7196657,-0.249732,-244.3786,-280.6059,0,41.18041,[City]BucharestRed
0.6476699,-0.7216133,-0.2445359,-246.2029,-272.6483,0,41.22477,[City]BucharestRed
0.6449128,-0.7246231,-0.2429175,-254.8318,-268.673,0,41.27499,[City]BucharestRed
0.6473504,-0.7216291,-0.2453343,-247.359,-272.2121,0,41.32044,[City]BucharestRed
0.6496978,-0.7177134,-0.2505599,-238.9172,-280.6995,0,41.38208,[City]BucharestRed
0.6468513,-0.7202427,-0.2506665,-245.423,-279.4561,0,41.43429,[City]BucharestRed
0.6514934,-0.7176185,-0.2461304,-236.2664,-274.0096,0,41.48704,[City]BucharestRed
0.6503688,-0.7189965,-0.2450807,-240.4237,-271.6763,0,41.53955,[City]BucharestRed
0.6470714,-0.7208747,-0.2482707,-247.9064,-276.0042,0,41.57619,[City]BucharestRed
0.6464026,-0.720256,-0.2517836,-248.556,-284.1737,0,41.63129,[City]BucharestRed
0.64709,-0.7199572,-0.2508707,-245.9763,-288.5631,0,41.69311,[Board]
0.6546453,-0.7139682,-0.2483727,-225.8658,-292.5857,0,41.74872,[Board]
0.6541936,-0.7151583,-0.2461285,-229.0359,-292.6126,0,41.80698,[Board]
0.6579696,-0.7139565,-0.239462,-217.4681,-287.1956,0,41.86518,[Board]
0.6974051,-0.6891896,-0.1965801,-122.875,-241.3609,0,41.92186,[City]KievRed
0.7437097,-0.6561605,-0.1278644,1.728684,-153.2876,0,41.97574,[City]MinskRed
0.7512928,-0.6491523,-0.1189974,28.36831,-143.618,0,42.0341,[Board]
0.7487358,-0.6537289,-0.1096959,15.22206,-131.1279,0,42.09133,[Board]
0.7385262,-0.6636792,-0.1187816,-19.00032,-146.4587,0,42.14202,[Board]
0.6439859,-0.7127674,-0.2779294,-232.812,-361.7903,0,42.19746,[Board]
0.5536678,-0.7338211,-0.3936478,-382.1906,-510.3133,0,42.25122,[Board]
0.5811841,-0.7216906,-0.3760154,-331.4713,-495.569,0,42.29352,[Board]
0.5839941,-0.720812,-0.3733375,-325.2316,-493.6216,0,42.35139,[Board]
0.5871723,-0.7208119,-0.368319,-320.2888,-487.2751,0,42.40973,[Board]
0.5730812,-0.7297707,-0.372844,-350.2932,-488.2586,0,42.46421,[Board]
0.5724107,-0.7311332,-0.371201,-353.3073,-486.1035,0,42.51678,[Board]
0.5814201,-0.7387559,-0.3408671,-349.139,-439.404,0,42.59653,[Board]
0.6585924,-0.7265378,-0.1959561,-229.8622,-247.0477,0,42.62187,[City]BucharestRed
0.6577882,-0.7308704,-0.1820524,-236.1158,-225.9601,0,42.68063,[City]BucharestRed
0.6549811,-0.7332522,-0.1825951,-242.8926,-225.6983,0,42.73777,[City]BucharestRed
0.6619765,-0.7274366,-0.1806186,-225.8539,-223.8195,0,42.7938,[City]BucharestRed
0.6608248,-0.7292272,-0.1775901,-229.6103,-218.026,0,42.84936,[City]BucharestRed
0.6489083,-0.7352725,-0.1956844,-254.4415,-239.3985,0,42.90366,[City]BucharestRed
0.6471139,-0.7317908,-0.213836,-252.6797,-265.7432,0,42.95869,[City]BucharestRed
0.644266,-0.7318251,-0.2221563,-256.3481,-278.0068,0,43.01751,[Board]
0.6458909,-0.7305106,-0.2217638,-252.9864,-278.3922,0,43.0746,[City]BucharestRed
0.6443146,-0.732017,-0.2213813,-257.566,-276.9374,0,43.12872,[Board]
0.6408625,-0.73686,-0.2152502,-268.1089,-266.7009,0,43.18606,[Board]
0.6449587,-0.7330182,-0.2161311,-258.4115,-268.959,0,43.24022,[Board]
0.6467834,-0.7320465,-0.2139605,-254.5948,-265.844,0,43.29342,[City]BucharestRed
0.6456881,-0.7328875,-0.2143894,-256.4561,-265.7066,0,43.33883,[Board]
0.6444555,-0.7332379,-0.2168853,-258.798,-268.6961,0,43.39442,[Board]
0.6479922,-0.7307062,-0.2148825,-251.1396,-266.2168,0,43.44877,[City]BucharestRed
0.6474814,-0.7315605,-0.2135115,-253.0544,-263.2823,0,43.50673,[City]BucharestRed
0.6455405,-0.7325179,-0.2160902,-257.5366,-266.2994,0,43.56371,[Board]
0.6444489,-0.7332348,-0.2169157,-259.8,-267.0889,0,43.61871,[Board]
0.6445347,-0.733267,-0.2165515,-259.4335,-266.4909,0,43.67456,[Board]
0.6507171,-0.7286118,-0.2137571,-244.8446,-264.0345,0,43.72694,[City]BucharestRed
0.6510893,-0.7267542,-0.2188856,-242.8875,-271.1747,0,43.76785,[City]BucharestRed
0.6510687,-0.727563,-0.2162445,-244.0688,-267.0721,0,43.82348,[City]BucharestRed
0.651589,-0.7266239,-0.2178289,-242.5155,-270.0831,0,43.88234,[City]BucharestRed
0.6490525,-0.7288148,-0.218082,-248.2485,-269.8838,0,43.92533,[City]BucharestRed
0.6489001,-0.7289078,-0.218225,-248.4574,-269.7759,0,43.97914,[City]BucharestRed
0.6491262,-0.7292059,-0.2165499,-249.642,-266.4571,0,44.03437,[City]BucharestRed
0.655874,-0.7248322,-0.2108259,-234.8443,-260.3564,0,44.07724,[City]BucharestRed
0.6558917,-0.7233551,-0.2157858,-232.8199,-267.2133,0,44.13141,[City]BucharestRed
0.6522757,-0.7265534,-0.2160012,-241.8257,-266.0735,0,44.17471,[City]BucharestRed
0.6549991,-0.7242061,-0.2156423,-234.9738,-266.4402,0,44.23204,[City]BucharestRed
0.6548488,-0.7238524,-0.2172802,-234.7852,-268.9708,0,44.28501,[City]BucharestRed
0.6519589,-0.7259974,-0.2188087,-242.0681,-269.6818,0,44.3425,[City]BucharestRed
0.6447437,-0.7312388,-0.2227001,-258.9058,-272.5767,0,44.40956,[Board]
0.6446717,-0.7312894,-0.2227422,-258.764,-272.6729,0,44.45723,[Board]
0.6503174,-0.7265763,-0.2217527,-245.0816,-273.1594,0,44.49144,[City]BucharestRed
0.653822,-0.7239475,-0.2200382,-237.3362,-272.2621,0,44.54658,[City]BucharestRed
0.6394197,-0.728463,-0.2459352,-262.4633,-306.3901,0,44.58889,[Board]
0.6389409,-0.7272962,-0.2505891,-261.6406,-313.3768,0,44.64201,[Board]
0.6409921,-0.7243582,-0.2538392,-255.1974,-319.1998,0,44.69258,[CityCard]MoscowRed
0.6413489,-0.7243775,-0.2528811,-255.2843,-317.5608,0,44.75212,[Board]
0.6436491,-0.7246334,-0.2462159,-252.6493,-308.5268,0,44.77972,[Board]
0.6422225,-0.7254853,-0.2474295,-256.2001,-310.2169,0,44.83431,[Board]
0.6434855,-0.7235923,-0.2496809,-251.2859,-314.8068,0,44.89131,[Board]
0.6444522,-0.7217084,-0.2526229,-247.5672,-319.9677,0,44.94716,[Board]
0.6457057,-0.7207252,-0.2522286,-244.9338,-319.8913,0,44.99034,[Board]
0.6432303,-0.7256916,-0.2441853,-255.5278,-306.3507,0,45.02678,[Board]
0.6379668,-0.7297959,-0.2457567,-267.0794,-306.8677,0,45.07806,[Board]
0.6370715,-0.730986,-0.2445389,-269.7357,-304.3849,0,45.11327,[Board]
0.6375118,-0.7279624,-0.2522881,-265.3132,-316.6149,0,45.15429,[Board]
0.6370795,-0.7304839,-0.2460142,-268.584,-307.2456,0,45.21199,[Board]
0.6400174,-0.7284964,-0.2442758,-262.2383,-305.6796,0,45.26861,[Board]
0.6411935,-0.7284211,-0.2413993,-261.2311,-301.4867,0,45.32431,[Board]
0.6406096,-0.7289031,-0.2414944,-263.0159,-301.2217,0,45.36123,[Board]
0.6443197,-0.7243077,-0.2454191,-251.806,-308.9537,0,45.40033,[Board]
0.6438767,-0.7244379,-0.2461962,-252.771,-310.0585,0,45.4506,[Board]
0.6355901,-0.7320262,-0.2452812,-273.5976,-305.0065,0,45.49034,[Board]
0.6371561,-0.7299212,-0.2474816,-268.9292,-309.0168,0,45.52722,[Board]
0.6392949,-0.7288648,-0.2450676,-264.8698,-306.1037,0,45.57911,[Board]
0.6396108,-0.7285008,-0.2453254,-263.9784,-306.6883,0,45.62757,[Board]
0.6332025,-0.720372,-0.2830527,-262.6944,-362.5278,0,45.66977,[Board]
0.6581407,-0.7005966,-0.2757086,-202.1787,-363.0492,0,45.72876,[Board]
0.6740447,-0.7061049,-0.2169784,-187.4264,-277.2573,0,45.78502,[Board]
0.6804443,-0.6991196,-0.219607,-169.3551,-284.3437,0,45.82679,[Board]
0.6774372,-0.702375,-0.2185138,-177.6787,-282.3727,0,45.8896,[Board]
0.6773359,-0.7039556,-0.213688,-180.2254,-275.0527,0,45.94025,[Board]
0.6741325,-0.7067426,-0.2146168,-188.9707,-275.1399,0,45.99319,[Board]
0.6739541,-0.7054747,-0.2192973,-187.3788,-281.934,0,46.049,[Board]
0.6797011,-0.7009338,-0.2160976,-172.4555,-278.9434,0,46.10334,[Board]
0.7120436,-0.6742859,-0.1957865,-86.65443,-261.0308,0,46.15884,[City]KievRed
0.7128236,-0.6727542,-0.1982031,-82.05183,-265.342,0,46.21974,[City]KievRed
0.7112376,-0.6743907,-0.1983386,-87.77387,-264.354,0,46.27556,[City]KievRed
0.7158933,-0.6679114,-0.203448,-70.81032,-274.1002,0,46.32912,[Board]
0.7156007,-0.668823,-0.2014731,-72.57357,-270.7331,0,46.38713,[City]KievRed
0.7110289,-0.6740854,-0.2001169,-88.04343,-266.6777,0,46.44357,[City]KievRed
0.7104017,-0.675342,-0.1980978,-91.07873,-263.3057,0,46.47565,[City]KievRed
0.7168684,-0.6691442,-0.1958203,-71.35227,-262.7445,0,46.5113,[City]KievRed
0.7168763,-0.669719,-0.1938165,-72.10612,-259.327,0,46.55059,[City]KievRed
0.7129716,-0.6733461,-0.1956437,-84.46298,-260.406,0,46.59652,[City]KievRed
0.7156451,-0.670075,-0.197108,-75.36732,-263.462,0,46.64046,[City]KievRed
0.7180793,-0.6679358,-0.195509,-67.68204,-261.6917,0,46.69761,[City]KievRed
0.7200968,-0.6653851,-0.1967822,-60.36378,-264.8046,0,46.74509,[City]KievRed
0.7164273,-0.6695609,-0.1960104,-72.65888,-261.9473,0,46.80098,[City]KievRed
0.717818,-0.6681281,-0.1958119,-67.79022,-262.7224,0,46.85519,[City]KievRed
0.7127379,-0.6726522,-0.198856,-83.25308,-266.0948,0,46.9149,[City]KievRed
0.7113737,-0.6737943,-0.1998717,-87.15987,-267.2523,0,46.96992,[City]KievRed
0.6530927,-0.7256302,-0.2166351,-242.1988,-269.0959,0,47.04053,[City]BucharestRed
0.6523613,-0.7264668,-0.216034,-244.7222,-267.7208,0,47.08696,[City]BucharestRed
0.6515726,-0.7279556,-0.2133864,-247.0641,-263.7741,0,47.11721,[City]BucharestRed
0.6512239,-0.7279872,-0.2143411,-247.2767,-265.0612,0,47.16401,[City]BucharestRed
0.6480362,-0.7287625,-0.2212559,-252.8331,-274.2173,0,47.2007,[City]BucharestRed
0.6516397,-0.7270367,-0.2162946,-245.7534,-268.0924,0,47.23976,[City]BucharestRed
0.6515598,-0.7270597,-0.2164584,-245.9245,-268.1393,0,47.28625,[City]BucharestRed
0.6514221,-0.7274011,-0.2157242,-246.0287,-267.1706,0,47.32027,[City]BucharestRed
0.6512203,-0.7274128,-0.2162929,-246.9151,-267.534,0,47.35854,[City]BucharestRed
0.6530533,-0.7261652,-0.2149545,-243.5602,-265.7625,0,47.41231,[City]BucharestRed
0.6541434,-0.7244844,-0.2172988,-239.694,-269.6321,0,47.46684,[City]BucharestRed
0.6571126,-0.7225468,-0.2147768,-233.0587,-267.0458,0,47.5197,[City]BucharestRed
0.6610353,-0.7212094,-0.2070971,-226.2557,-257.0428,0,47.57989,[City]BucharestRed
0.6551926,-0.7517564,-0.07473228,-270.8639,-70.15076,0,47.62395,[Board]
0.6705861,-0.7403679,-0.04657915,-237.3305,-34.01775,0,47.67789,[Board]
0.6653711,-0.7450026,-0.04746016,-250.5583,-34.71511,0,47.73125,[Board]
0.5045685,-0.8625985,0.03652946,-558.9357,72.06808,0,47.77441,[Board]
0.3347031,-0.9395875,0.07175718,-792.4189,117.8296,0,47.83033,[Board]
0.2603395,-0.959835,0.1045948,-889.647,165.5337,0,47.88562,[Action]Direct Flight QuarantineSpecialist
0.264643,-0.955483,0.1304464,-883.3217,203.0675,0,47.94017,[Action]Drive/Ferry QuarantineSpecialist
0.1993109,-0.9718649,0.1255138,-953.4906,202.4749,0,47.99474,[Board]
0.2049178,-0.9678425,0.1459098,-948.725,238.705,0,48.22134,[Action]Drive/Ferry QuarantineSpecialist
0.2191171,-0.9674196,0.1268343,-937.6231,221.4274,0,48.278,[Action]Drive/Ferry QuarantineSpecialist
0.2352849,-0.965385,0.1125739,-923.6995,211.6502,0,48.33184,[Action]Drive/Ferry QuarantineSpecialist
0.2434839,-0.9636045,0.1103717,-916.7288,211.2795,0,48.37503,[Action]Drive/Ferry QuarantineSpecialist
0.2635391,-0.9602095,0.09243814,-898.6945,195.2009,0,48.40795,[Board]
0.2602342,-0.9613502,0.08991079,-903.4705,196.5331,0,48.45741,[Board]
0.2724147,-0.958914,0.07920937,-890.494,190.4093,0,48.5081,[Action]Direct Flight QuarantineSpecialist
0.2754492,-0.95776,0.08260458,-886.5994,196.3061,0,48.55453,[Board]
0.2687728,-0.9579927,0.1000555,-893.2076,215.8477,0,48.61039,[Action]Drive/Ferry QuarantineSpecialist
0.2650231,-0.9588024,0.1022776,-897.3799,220.4924,0,48.66283,[Action]Drive/Ferry QuarantineSpecialist
0.2691503,-0.9582888,0.09612881,-892.5287,215.5593,0,48.72206,[Action]Drive/Ferry QuarantineSpecialist
0.272114,-0.9579138,0.09140679,-889.8564,210.9539,0,48.7798,[Action]Drive/Ferry QuarantineSpecialist
0.2759165,-0.9574556,0.08455016,-885.3887,204.0615,0,48.83166,[Action]Drive/Ferry QuarantineSpecialist
0.2817641,-0.9563518,0.0774615,-877.3322,195.6225,0,48.89007,[Board]
0.3014294,-0.9515979,0.06001509,-848.5148,172.4779,0,48.94825,[Action]Direct Flight QuarantineSpecialist
0.3202136,-0.9460054,0.05036899,-819.6697,156.0619,0,49.00174,[Board]
0.4263712,-0.9043642,-0.01824989,-683.8818,81.59001,0,49.04596,[Board]
0.621758,-0.7728739,-0.1268186,-359.7628,-61.92774,0,49.09931,[Board]
0.7057928,-0.6935343,-0.144453,-158.0137,-108.2651,0,49.15065,[Board]
0.6648538,-0.737288,-0.1198994,-273.5861,-67.60516,0,49.20873,[Board]
0.6583676,-0.7437802,-0.1155126,-291.8618,-62.27565,0,49.27592,[Board]
0.6568577,-0.7475019,-0.09888775,-299.5349,-40.51341,0,49.32278,[City]RomeYellow
0.6641228,-0.7433339,-0.07997167,-286.3312,-16.82905,0,49.37009,[City]RomeYellow
0.6673113,-0.7412606,-0.07230713,-278.325,-6.140792,0,49.42803,[City]RomeYellow
0.668548,-0.7404497,-0.06912158,-273.3117,-0.5971315,0,49.48464,[City]RomeYellow
0.6679217,-0.7414396,-0.06440426,-273.9342,6.152159,0,49.51769,[City]RomeYellow
0.6727035,-0.7375984,-0.05846868,-262.7269,14.22728,0,49.57133,[Board]
0.6773276,-0.7337655,-0.05305981,-252.5491,20.76648,0,49.61382,[Board]
0.6720974,-0.7383346,-0.05609841,-268.0187,15.76738,0,49.6556,[Board]
0.6740009,-0.7359241,-0.06433169,-263.0533,3.80524,0,49.70906,[Board]
0.6836747,-0.726651,-0.0675813,-235.3887,-0.8069631,0,49.76267,[Board]
0.6948471,-0.7161804,-0.06537003,-199.4126,5.7734,0,49.82136,[Board]
0.6973358,-0.7145041,-0.05662714,-191.82,20.13639,0,49.87831,[City]GenevaYellow
0.6930883,-0.7188058,-0.05428598,-204.9962,24.16609,0,49.9101,[City]GenevaYellow
0.6896024,-0.7220751,-0.05528267,-212.7556,24.86207,0,49.9459,[City]GenevaYellow
0.6767939,-0.7334858,-0.06283741,-239.4094,15.82755,0,49.98728,[City]GenevaYellow
0.6882802,-0.7230985,-0.05829969,-206.1284,22.26375,0,50.04023,[City]GenevaYellow
0.6901513,-0.7215505,-0.05528164,-203.4486,26.43002,0,50.07998,[City]GenevaYellow
0.6889338,-0.7223598,-0.05972067,-205.0884,21.2944,0,50.13564,[City]GenevaYellow
0.6808516,-0.7291632,-0.06900866,-225.6496,10.23366,0,50.18213,[City]GenevaYellow
0.6752108,-0.7342334,-0.07065123,-241.0187,8.956442,0,50.2405,[City]GenevaYellow
0.6685967,-0.7398545,-0.07479154,-258.7993,4.635538,0,50.29359,[Board]
0.6684964,-0.7391462,-0.08231314,-258.7938,-4.872792,0,50.35162,[Board]
0.6705301,-0.7374408,-0.08105794,-252.077,-2.488736,0,50.38483,[Board]
0.6763562,-0.7330914,-0.07154917,-237.7137,10.25972,0,50.4316,[City]GenevaYellow
0.6816968,-0.7284015,-0.06870743,-223.8069,12.57915,0,50.48363,[City]GenevaYellow
0.6843411,-0.7255127,-0.07285864,-215.3938,4.712381,0,50.52895,[Board]
0.6783977,-0.7300822,-0.08219757,-229.2607,-10.05547,0,50.58575,[Board]
0.6810867,-0.728008,-0.07826465,-221.8898,-7.797984,0,50.63693,[Board]
0.689714,-0.7199893,-0.07687613,-198.4528,-9.893143,0,50.69611,[Board]
0.6995077,-0.7093817,-0.08640946,-162.3234,-31.31897,0,50.75513,[City]PragueBlue
0.7850888,-0.5977159,-0.1623921,194.5115,-195.6431,0,50.8074,[Board]
0.8287219,-0.5094205,-0.2317559,530.5604,-396.013,0,50.86633,[Board]
0.8353641,-0.4904871,-0.2481718,629.3049,-460.3655,0,50.92207,[Board]
0.8259187,-0.5000963,-0.2603115,584.3244,-484.4817,0,50.97543,[Board]
0.8194079,-0.4992361,-0.2816629,579.169,-538.4443,0,51.03389,[Board]
0.7918694,-0.5974241,-0.126599,310.9742,-231.642,0,54.37214,[Board]
0.7549891,-0.6482257,0.09896948,116.57,206.0671,0,54.46306,[Board]
0.719036,-0.6836163,0.1251234,-25.75487,246.3992,0,54.5214,[City]DublinBlue
0.6901127,-0.7121069,0.1290279,-122.6702,247.6925,0,54.55708,[Board]
0.6832845,-0.7167531,0.139238,-138.4589,270.503,0,54.6123,[Board]
0.7018316,-0.7072131,0.0853342,-112.3605,196.73,0,54.66441,[City]LondonBlue
0.6713269,-0.7356615,0.09012422,-210.3087,201.6025,0,54.70295,[Board]
0.5094872,-0.8526936,0.1154834,-551.811,225.5827,0,54.75435,[Board]
0.4826029,-0.869064,0.1087303,-612.0803,229.9237,0,54.80326,[Board]
0.5188032,-0.8440187,0.1359253,-576.405,286.7615,0,54.84423,[Board]
0.430885,-0.8446269,0.3177162,-701.2221,526.0235,0,54.9035,[Board]
